INSERT INTO AUTH_USER
(ID, VERSION, ACCOUNT_NON_EXPIRED, ACCOUNT_NON_LOCKED, CELL_NO,
 COUNTRY, CREDENTIALS_NON_EXPIRED, CURRENCY, DISPLAY_NAME, DOB,
 EMAIL, ENABLED, FULL_NAME, GENDER, LANG,
 LOCALE, MENU_ORIENTATION, OPEN_IN_NEW_PAGE, PASSWORD, PIC,
 TITLE, USERNAME)
VALUES
  (1, 0, 1, 1, '01912917834',
   'IN', 1, 'BDT', 'Manik', TO_DATE('05/07/1983 00:00:00', 'MM/DD/YYYY HH24:MI:SS'),
   'manikmonir@gmail.com', 1, 'MOHAMMAD BADIUZZAMAN', 'MALE', 'bn',
   'bn_IN', 'MENU_LEFT', 1, '$2a$10$su8tS2DoHzJD46Vi9aWFeexyRDeX0QosPHLFG/Ev7dwj1AAco.9OC', 'aaaa.jpg',
   'MR', 'mac');
INSERT INTO AUTH_USER
(ID, VERSION, ACCOUNT_NON_EXPIRED, ACCOUNT_NON_LOCKED, CELL_NO,
 COUNTRY, CREDENTIALS_NON_EXPIRED, CURRENCY, DISPLAY_NAME, DOB,
 EMAIL, ENABLED, FULL_NAME, GENDER, LANG,
 LOCALE, MENU_ORIENTATION, OPEN_IN_NEW_PAGE, PASSWORD, PIC,
 TITLE, USERNAME)
VALUES
  (2, 0, 1, 1, '01912917832',
   'BD', 1, 'BDT', 'Saif', TO_DATE('11/23/1989 00:00:00', 'MM/DD/YYYY HH24:MI:SS'),
   'saif_hmk@live.com', 1, 'MD. HOSHEN MAHMUD KHAN', 'MALE', 'bn',
   'bn_BD', 'MENU_LEFT', 1, '$2a$10$su8tS2DoHzJD46Vi9aWFeexyRDeX0QosPHLFG/Ev7dwj1AAco.9OC', 'bbbb.jpg',
   'MR', 'saif_hmk');
INSERT INTO AUTH_USER
(ID, VERSION, ACCOUNT_NON_EXPIRED, ACCOUNT_NON_LOCKED, CELL_NO,
 COUNTRY, CREDENTIALS_NON_EXPIRED, CURRENCY, DISPLAY_NAME, DOB,
 EMAIL, ENABLED, FULL_NAME, GENDER, LANG,
 LOCALE, MENU_ORIENTATION, OPEN_IN_NEW_PAGE, PASSWORD, PIC,
 TITLE, USERNAME)
VALUES
  (3, 0, 1, 1, '01912917855',
   'BD', 1, 'BDT', 'Anis', TO_DATE('09/17/1980 00:00:00', 'MM/DD/YYYY HH24:MI:SS'),
   'anis.object@gmail.com', 1, 'MOHAMMAD ANISUR RAHMAN KHAN', 'MALE', 'bn',
   'bn_BD', 'MENU_LEFT', 1, '$2a$10$su8tS2DoHzJD46Vi9aWFeexyRDeX0QosPHLFG/Ev7dwj1AAco.9OC', 'cccc.jpg',
   'MR', 'anis');
INSERT INTO AUTH_USER
(ID, VERSION, ACCOUNT_NON_EXPIRED, ACCOUNT_NON_LOCKED, CELL_NO,
 COUNTRY, CREDENTIALS_NON_EXPIRED, CURRENCY, DISPLAY_NAME, DOB,
 EMAIL, ENABLED, FULL_NAME, GENDER, LANG,
 LOCALE, MENU_ORIENTATION, OPEN_IN_NEW_PAGE, PASSWORD, PIC,
 TITLE, USERNAME)
VALUES
  (4, 0, 1, 1, '01912917839',
   'BD', 1, 'BDT', 'Shaka', TO_DATE('12/01/1991 00:00:00', 'MM/DD/YYYY HH24:MI:SS'),
   'aminshaka@gmail.com', 1, 'ASHRAFUL AMIN', 'MALE', 'bn',
   'bn_BD', 'MENU_LEFT', 1, '$2a$10$su8tS2DoHzJD46Vi9aWFeexyRDeX0QosPHLFG/Ev7dwj1AAco.9OC', 'dddd.jpg',
   'MR', 'shaka');
INSERT INTO AUTH_USER
(ID, VERSION, ACCOUNT_NON_EXPIRED, ACCOUNT_NON_LOCKED, CELL_NO,
 COUNTRY, CREDENTIALS_NON_EXPIRED, CURRENCY, DISPLAY_NAME, DOB,
 EMAIL, ENABLED, FULL_NAME, GENDER, LANG,
 LOCALE, MENU_ORIENTATION, OPEN_IN_NEW_PAGE, PASSWORD, PIC,
 TITLE, USERNAME)
VALUES
  (5, 0, 1, 1, '0191294344',
   'BD', 1, 'BDT', 'Rowshon', TO_DATE('12/01/1991 00:00:00', 'MM/DD/YYYY HH24:MI:SS'),
   'rowshon@gmail.com', 1, 'Rowshon Ara', 'FEMALE', 'bn',
   'bn_BD', 'MENU_LEFT', 1, '$2a$10$su8tS2DoHzJD46Vi9aWFeexyRDeX0QosPHLFG/Ev7dwj1AAco.9OC', 'dddd.jpg',
   'MS', 'rowshon');


INSERT INTO POS_SUPPLIER
(ID, CODE, FULL_NAME, FULL_NAME_NATIVE, SUPPLIER_GROUP,
 MOBILE, AC_TYPE)
VALUES
  (2000, '001', 'Akhtar Group', 'আখতার গ্রুপ', 'GRADE_B',
   '425235', 'SUPPLIER');
INSERT INTO POS_SUPPLIER
(ID, CODE, FULL_NAME, FULL_NAME_NATIVE, SUPPLIER_GROUP,
 MOBILE, AC_TYPE)
VALUES
  (2001, '002', 'Star Board Mills Limited', 'স্টার বোর্ড মিলস লিমিটেড', 'GRADE_C',
   '5466', 'SUPPLIER');
INSERT INTO POS_SUPPLIER
(ID, CODE, FULL_NAME, FULL_NAME_NATIVE, SUPPLIER_GROUP,
 MOBILE, AC_TYPE)
VALUES
  (2002, '003', 'Super Board Mills Limited', 'সুপার বোর্ড মিলস লিমিটেড', 'GRADE_C',
   '4654', 'SUPPLIER');
INSERT INTO POS_SUPPLIER
(ID, CODE, FULL_NAME, FULL_NAME_NATIVE, SUPPLIER_GROUP,
 MOBILE, AC_TYPE)
VALUES
  (2003, '004', 'Akij Board Mills Ltd', 'আকিজ বোর্ড মিলস লিমিটেড', 'GRADE_A',
   '7567', 'SUPPLIER');
INSERT INTO POS_SUPPLIER
(ID, CODE, FULL_NAME, FULL_NAME_NATIVE, SUPPLIER_GROUP,
 MOBILE, AC_TYPE)
VALUES
  (2004, '005', 'Amber Board', 'অ্যাম্বার বোর্ড', 'GRADE_A',
   '757778', 'SUPPLIER');


INSERT INTO POS_CUSTOMER
(ID, CODE, FULL_NAME, FULL_NAME_NATIVE, ADDRESS,
 CUSTOMER_GROUP, MOBILE, AC_TYPE)
VALUES
  (30000, '00000', 'Flying Customer', 'উরন্ত ক্রেতা', 'world',
   'GRADE_B', '01912917834', 'CUSTOMER');
INSERT INTO POS_CUSTOMER
(ID, CODE, FULL_NAME, FULL_NAME_NATIVE, ADDRESS,
 CUSTOMER_GROUP, MOBILE, AC_TYPE)
VALUES
  (30001, '00002', 'saif', 'সাইফ', 'shantinagar',
   'GRADE_B', '2222', 'CUSTOMER');
INSERT INTO POS_CUSTOMER
(ID, CODE, FULL_NAME, FULL_NAME_NATIVE, ADDRESS,
 CUSTOMER_GROUP, MOBILE, AC_TYPE)
VALUES
  (30002, '00003', 'anis', 'আনিস', 'mugda',
   'GRADE_A', '01912917833', 'CUSTOMER');
INSERT INTO POS_CUSTOMER
(ID, VERSION, CODE, FULL_NAME, FULL_NAME_NATIVE,
 ADDRESS, CUSTOMER_GROUP, MOBILE, AC_TYPE)
VALUES
  (32768, 0, '00004', 'debasis', 'দেবাশিস',
   'dhanmondi', 'GRADE_B', '7777', 'CUSTOMER');
INSERT INTO POS_CUSTOMER
(ID, VERSION, CODE, FULL_NAME, FULL_NAME_NATIVE,
 ADDRESS, CUSTOMER_GROUP, MOBILE, AC_TYPE)
VALUES
  (54353, 0, '00001', 'manik', 'মানিক',
   '112 jn saha road', 'GRADE_B', '57576', 'CUSTOMER');
INSERT INTO POS_CUSTOMER
(ID, VERSION, CODE, FULL_NAME, FULL_NAME_NATIVE,
 ADDRESS, CUSTOMER_GROUP, MOBILE, AC_TYPE)
VALUES
  (65656, 0, '00005', 'mmmm', 'mmmm',
   'ytry', 'GRADE_B', 'ytryty', 'CUSTOMER');
COMMIT;


INSERT INTO POS_PRODUCT_AC
(ID, CODE, FULL_NAME, FULL_NAME_NATIVE, AC_TYPE)
VALUES
  (432432, '001', 'Vermatic', 'বার্মাটিক', 'TYPE');
INSERT INTO POS_PRODUCT_AC
(ID, CODE, FULL_NAME, FULL_NAME_NATIVE, AC_TYPE)
VALUES
  (5435, '005', 'Plywood', 'প্লাইউড', 'ITEM');
INSERT INTO POS_PRODUCT_AC
(ID, CODE, FULL_NAME, FULL_NAME_NATIVE, AC_TYPE)
VALUES
  (432, '001', 'Veneer', 'ভ্যিনিয়র', 'ITEM');
INSERT INTO POS_PRODUCT_AC
(ID, CODE, FULL_NAME, FULL_NAME_NATIVE, AC_TYPE)
VALUES
  (7567, '003', 'Champa', 'চাম্পা', 'TYPE');
INSERT INTO POS_PRODUCT_AC
(ID, CODE, FULL_NAME, FULL_NAME_NATIVE, AC_TYPE)
VALUES
  (5455, '006', 'Jutex Board', 'জুটস বোর্ড', 'ITEM');
INSERT INTO POS_PRODUCT_AC
(ID, CODE, FULL_NAME, FULL_NAME_NATIVE, AC_TYPE)
VALUES
  (4664, '007', 'Woodex Board', 'উডস বোর্ড', 'ITEM');
INSERT INTO POS_PRODUCT_AC
(ID, CODE, FULL_NAME, FULL_NAME_NATIVE, AC_TYPE)
VALUES
  (65, '002', '18 mm', '১৮ মিমি', 'MEASURE');
INSERT INTO POS_PRODUCT_AC
(ID, CODE, FULL_NAME, FULL_NAME_NATIVE, AC_TYPE)
VALUES
  (54654, '003', '12 mm', '১২ মিমি', 'MEASURE');
INSERT INTO POS_PRODUCT_AC
(ID, CODE, FULL_NAME, FULL_NAME_NATIVE, AC_TYPE)
VALUES
  (546, '001', '09 mm', '০৯ মিমি', 'MEASURE');
INSERT INTO POS_PRODUCT_AC
(ID, CODE, FULL_NAME, FULL_NAME_NATIVE, AC_TYPE)
VALUES
  (54545, '001', 'Red', 'লাল', 'COLOR');
INSERT INTO POS_PRODUCT_AC
(ID, CODE, FULL_NAME, FULL_NAME_NATIVE, AC_TYPE)
VALUES
  (6546546, '007', 'Garjon', 'গর্জন', 'TYPE');
INSERT INTO POS_PRODUCT_AC
(ID, CODE, FULL_NAME, FULL_NAME_NATIVE, AC_TYPE)
VALUES
  (61, '006', 'Comercial', 'কমার্শিয়াল', 'TYPE');
INSERT INTO POS_PRODUCT_AC
(ID, CODE, FULL_NAME, FULL_NAME_NATIVE, AC_TYPE)
VALUES
  (60, '005', 'Crowntic', 'ক্রাউনটিক', 'TYPE');
INSERT INTO POS_PRODUCT_AC
(ID, CODE, FULL_NAME, FULL_NAME_NATIVE, AC_TYPE)
VALUES
  (59, '004', 'Supertic', 'সুপারটিক', 'TYPE');
INSERT INTO POS_PRODUCT_AC
(ID, CODE, FULL_NAME, FULL_NAME_NATIVE, AC_TYPE)
VALUES
  (57, '002', 'Merine', 'মেরিন', 'TYPE');
INSERT INTO POS_PRODUCT_AC
(ID, CODE, FULL_NAME, FULL_NAME_NATIVE, AC_TYPE)
VALUES
  (54, '004', 'PVC', 'পিভিসি', 'ITEM');
INSERT INTO POS_PRODUCT_AC
(ID, CODE, FULL_NAME, FULL_NAME_NATIVE, AC_TYPE)
VALUES
  (53, '003', 'Partex', 'পারটেক্স', 'ITEM');
INSERT INTO POS_PRODUCT_AC
(ID, CODE, FULL_NAME, FULL_NAME_NATIVE, AC_TYPE)
VALUES
  (52, '002', 'Melamine', 'মেলামাইন', 'ITEM');


INSERT INTO POS_PRODUCT
(ID, CODE, FULL_NAME, FULL_NAME_NATIVE, UNIT_PRICE_PURCHASE_STD,
 UNIT_PRICE_SALES_MAX, UNIT_PRICE_SALES_MIN, UNIT_PRICE_SALES_STD, AC_ONE, AC_THREE)
VALUES
  (131, '111', ' Vermatic  Star Board Mills Limited', ' বার্মাটিক  স্টার বোর্ড মিলস লিমিটেড', 18,
   40, 20, 22, 2001, 432432);
INSERT INTO POS_PRODUCT
(ID, CODE, FULL_NAME, FULL_NAME_NATIVE, UNIT_PRICE_PURCHASE_STD,
 UNIT_PRICE_SALES_MAX, UNIT_PRICE_SALES_MIN, UNIT_PRICE_SALES_STD, AC_ONE, AC_TWO,
 AC_THREE, AC_FOUR)
VALUES
  (134, '222', '18 mm Garjon Plywood Akhtar Group', '১৮ মিমি গর্জন প্লাইউড আখতার গ্রুপ', 9,
   30, 10, 12, 2000, 65,
   6546546, 5435);
INSERT INTO POS_PRODUCT
(ID, CODE, FULL_NAME, FULL_NAME_NATIVE, UNIT_PRICE_PURCHASE_STD,
 UNIT_PRICE_SALES_MAX, UNIT_PRICE_SALES_MIN, UNIT_PRICE_SALES_STD, AC_ONE, AC_THREE)
VALUES
  (323, '333', ' Garjon  Star Board Mills Limited', ' গর্জন  স্টার বোর্ড মিলস লিমিটেড', 30,
   50, 30, 33, 2001, 6546546);
INSERT INTO POS_PRODUCT
(ID, CODE, FULL_NAME, FULL_NAME_NATIVE, UNIT_PRICE_PURCHASE_STD,
 UNIT_PRICE_SALES_MAX, UNIT_PRICE_SALES_MIN, UNIT_PRICE_SALES_STD, AC_ONE, AC_TWO,
 AC_THREE, AC_FOUR)
VALUES
  (434, '444', '18 mm Vermatic Melamine Star Board Mills Limited', '১৮ মিমি বার্মাটিক মেলামাইন স্টার বোর্ড মিলস লিমিটেড', 21,
   40, 20, 23, 2001, 65,
   432432, 52);
INSERT INTO POS_PRODUCT
(ID, CODE, FULL_NAME, FULL_NAME_NATIVE, UNIT_PRICE_PURCHASE_STD,
 UNIT_PRICE_SALES_MAX, UNIT_PRICE_SALES_MIN, UNIT_PRICE_SALES_STD, AC_ONE, AC_TWO,
 AC_THREE, AC_FOUR)
VALUES
  (133, '133', '12 mm Garjon Plywood Akhtar Group', '১২ মিমি গর্জন প্লাইউড আখতার গ্রুপ', 9,
   30, 10, 12, 2000, 54654,
   6546546, 5435);
INSERT INTO POS_PRODUCT
(ID, CODE, FULL_NAME, FULL_NAME_NATIVE, UNIT_PRICE_PURCHASE_STD,
 UNIT_PRICE_SALES_MAX, UNIT_PRICE_SALES_MIN, UNIT_PRICE_SALES_STD, AC_ONE, AC_TWO,
 AC_THREE, AC_FOUR)
VALUES
  (132, '132', '09 mm Garjon Plywood Akhtar Group', '০৯ মিমি গর্জন প্লাইউড আখতার গ্রুপ', 9,
   30, 10, 12, 2000, 546,
   6546546, 5435);
INSERT INTO POS_PRODUCT
(ID, CODE, FULL_NAME, FULL_NAME_NATIVE, UNIT_PRICE_PURCHASE_STD,
 UNIT_PRICE_SALES_MAX, UNIT_PRICE_SALES_MIN, UNIT_PRICE_SALES_STD, AC_ONE, AC_TWO,
 AC_THREE, AC_FOUR)
VALUES
  (130, '130', '12 mm Vermatic Melamine Star Board Mills Limited', '১২ মিমি বার্মাটিক মেলামাইন স্টার বোর্ড মিলস লিমিটেড', 21,
   40, 20, 23, 2001, 54654,
   432432, 52);
INSERT INTO POS_PRODUCT
(ID, CODE, FULL_NAME, FULL_NAME_NATIVE, UNIT_PRICE_PURCHASE_STD,
 UNIT_PRICE_SALES_MAX, UNIT_PRICE_SALES_MIN, UNIT_PRICE_SALES_STD, AC_ONE, AC_TWO,
 AC_THREE, AC_FOUR)
VALUES
  (129, '129', '09 mm Vermatic Melamine Star Board Mills Limited', '০৯ মিমি বার্মাটিক মেলামাইন স্টার বোর্ড মিলস লিমিটেড', 21,
   40, 20, 23, 2001, 546,
   432432, 52);
INSERT INTO POS_PRODUCT
(ID, CODE, FULL_NAME, FULL_NAME_NATIVE, UNIT_PRICE_PURCHASE_STD,
 UNIT_PRICE_SALES_MAX, UNIT_PRICE_SALES_MIN, UNIT_PRICE_SALES_STD, AC_ONE, AC_TWO,
 AC_THREE, AC_FOUR)
VALUES
  (128, '128', '18 mm Vermatic Melamine Super Board Mills Limited', '১৮ মিমি বার্মাটিক মেলামাইন সুপার বোর্ড মিলস লিমিটেড', 21,
   40, 20, 23, 2002, 65,
   432432, 52);
INSERT INTO POS_PRODUCT
(ID, CODE, FULL_NAME, FULL_NAME_NATIVE, UNIT_PRICE_PURCHASE_STD,
 UNIT_PRICE_SALES_MAX, UNIT_PRICE_SALES_MIN, UNIT_PRICE_SALES_STD, AC_ONE, AC_TWO,
 AC_THREE, AC_FOUR)
VALUES
  (127, '127', '12 mm Vermatic Melamine Super Board Mills Limited', '১২ মিমি বার্মাটিক মেলামাইন সুপার বোর্ড মিলস লিমিটেড', 21,
   40, 20, 23, 2002, 54654,
   432432, 52);
INSERT INTO POS_PRODUCT
(ID, CODE, FULL_NAME, FULL_NAME_NATIVE, UNIT_PRICE_PURCHASE_STD,
 UNIT_PRICE_SALES_MAX, UNIT_PRICE_SALES_MIN, UNIT_PRICE_SALES_STD, AC_ONE, AC_TWO,
 AC_THREE, AC_FOUR)
VALUES
  (126, '126', '09 mm Vermatic Melamine Super Board Mills Limited', '০৯ মিমি বার্মাটিক মেলামাইন সুপার বোর্ড মিলস লিমিটেড', 21,
   40, 20, 23, 2002, 546,
   432432, 52);
INSERT INTO POS_PRODUCT
(ID, CODE, FULL_NAME, FULL_NAME_NATIVE, UNIT_PRICE_PURCHASE_STD,
 UNIT_PRICE_SALES_MAX, UNIT_PRICE_SALES_MIN, UNIT_PRICE_SALES_STD, AC_ONE, AC_TWO,
 AC_THREE, AC_FOUR)
VALUES
  (125, '125', '18 mm Vermatic Melamine Akij Board Mills Ltd', '১৮ মিমি বার্মাটিক মেলামাইন আকিজ বোর্ড মিলস লিমিটেড', 21,
   40, 20, 23, 2003, 65,
   432432, 52);
INSERT INTO POS_PRODUCT
(ID, CODE, FULL_NAME, FULL_NAME_NATIVE, UNIT_PRICE_PURCHASE_STD,
 UNIT_PRICE_SALES_MAX, UNIT_PRICE_SALES_MIN, UNIT_PRICE_SALES_STD, AC_ONE, AC_TWO,
 AC_THREE, AC_FOUR)
VALUES
  (124, '124', '12 mm Vermatic Melamine Akij Board Mills Ltd', '১২ মিমি বার্মাটিক মেলামাইন আকিজ বোর্ড মিলস লিমিটেড', 21,
   40, 20, 23, 2003, 54654,
   432432, 52);
INSERT INTO POS_PRODUCT
(ID, CODE, FULL_NAME, FULL_NAME_NATIVE, UNIT_PRICE_PURCHASE_STD,
 UNIT_PRICE_SALES_MAX, UNIT_PRICE_SALES_MIN, UNIT_PRICE_SALES_STD, AC_ONE, AC_TWO,
 AC_THREE, AC_FOUR)
VALUES
  (123, '123', '09 mm Vermatic Melamine Akij Board Mills Ltd', '০৯ মিমি বার্মাটিক মেলামাইন আকিজ বোর্ড মিলস লিমিটেড', 21,
   40, 20, 23, 2003, 546,
   432432, 52);
INSERT INTO POS_PRODUCT
(ID, CODE, FULL_NAME, FULL_NAME_NATIVE, UNIT_PRICE_PURCHASE_STD,
 UNIT_PRICE_SALES_MAX, UNIT_PRICE_SALES_MIN, UNIT_PRICE_SALES_STD, AC_ONE, AC_TWO,
 AC_THREE, AC_FOUR)
VALUES
  (122, '122', '18 mm Vermatic Melamine Amber Board', '১৮ মিমি বার্মাটিক মেলামাইন অ্যাম্বার বোর্ড', 21,
   40, 20, 23, 2004, 65,
   432432, 52);
INSERT INTO POS_PRODUCT
(ID, CODE, FULL_NAME, FULL_NAME_NATIVE, UNIT_PRICE_PURCHASE_STD,
 UNIT_PRICE_SALES_MAX, UNIT_PRICE_SALES_MIN, UNIT_PRICE_SALES_STD, AC_ONE, AC_TWO,
 AC_THREE, AC_FOUR)
VALUES
  (121, '121', '12 mm Vermatic Melamine Amber Board', '১২ মিমি বার্মাটিক মেলামাইন অ্যাম্বার বোর্ড', 21,
   40, 20, 23, 2004, 54654,
   432432, 52);
INSERT INTO POS_PRODUCT
(ID, CODE, FULL_NAME, FULL_NAME_NATIVE, UNIT_PRICE_PURCHASE_STD,
 UNIT_PRICE_SALES_MAX, UNIT_PRICE_SALES_MIN, UNIT_PRICE_SALES_STD, AC_ONE, AC_TWO,
 AC_THREE, AC_FOUR)
VALUES
  (120, '120', '09 mm Vermatic Melamine Amber Board', '০৯ মিমি বার্মাটিক মেলামাইন অ্যাম্বার বোর্ড', 21,
   40, 20, 23, 2004, 546,
   432432, 52);

